Name,Country,Email
Nature Cosmétique GmbH,Germany,info@nc-manufaktur.de
Chemische Werke Hommel GmbH & Co. KG,Germany,info@hommel-pharma.com
C.E. Roeper GmbH,Germany,office@roeper.de
HOYER GMBH Internationale Fachspedition,Germany,"presse@hoyer-group.com, tobias.geissinger@hoyer-group.com, thorben.lohse@hoyer-group.com, anna.krueger@hoyer-group.com, marcel.zijl@hoyer-group.com, geoffrey.hogenbirk@hoyer-group.com, florine.schrader@hoyer-group.com, michel.kramer@hoyer-group.com, carina.meyer@hoyer-group.com, brian.woudsma@hoyer-group.com, jennifer.hein@hoyer-group.com, corinna.baumgarten@hoyer-group.com, dieter.platz@hoyer-group.com, thies.grage@hoyer-group.com, angela.rohlf-kipperer@hoyer-group.com"
Becker Manicure GmbH & Co. KG,Germany,info@becker-solingen.de
Edelwäsche Fischer GmbH & Co. KG,Germany,info@edelwaesche-fischer.de
NHU EUROPE GmbH,Germany,info@nhu-eu.com
Carl Eichhorn KG,Germany,info@carl-eichhorn.de
DekorTech GmbH,Germany,info@digitran.de
Institut Dr. Rilling Healthcare GmbH,Germany,info@rilling-healthcare.de
Peiler & Klein Kunststofftechnik GmbH,Germany,"info@peiler-klein.de, bewerbung@peiler-klein.de"
Vita-Trade GmbH,Germany,info@vita-trade.de
Wiedemann Pharma GmbH Biologisch-pharmazeutische Präparate,Germany,info@wiedemann-pharma.de
Brandpackaging GmbH,Germany,info@brandpackaging.de
Eurofins Consumer Product Testing GmbH,Germany,"info-munich@eurofins.com, info-umwelt@eurofins.de, service@eurofins.de, office.efap@cpt.eurofinseu.com, siegen@gelamed.de, iserlohn@gelamed.de, forensik@eurofins.com, mdsales@bpt.eurofinseu.com, easinfo@eurofins.com, kits@eurofins.com, reichenwalde@eurofins.de, de_paymentsssc@eurofins.com, gelsenkirchen@gelamed.de, careproducts-hamburg@cpt.eurofinseu.com, agraranalytik@eurofins.de"
Dreiz Cosmetics GmbH & Co. KG,Germany,info@dreiz.de
KHK GmbH,Germany,sales@lipcare.de
Hädener Rohstoffe GmbH,Switzerland,info@haedener.ch
Aplantis GmbH,Germany,info@aplantis-ingredients.de
Nutriswiss AG,Switzerland,info@nutriswiss.ch
vis vitalis gmbh,Austria,produktion@vis-vitalis.com
Rettner Abfüll- und Verpackungs-Service GmbH,Germany,info@rettner.de
Lebenshilfe Werkstätten Wuppertal gemeinnützige GmbH,Germany,info@lebenshilfe-wuppertal.de
Lindner Sprühsysteme GmbH,Germany,sales@lindner-spruehsysteme.de
Kaya Handelsgüter & Rohstoffe GmbH,Germany,info@kaharo.de
SoapConcept Lohnherstellung UG (haftungsbeschränkt),Germany,info@soapconcept.de
3S Simons Security Systems GmbH,Germany,"info@secutag.com, nfo@secutag.com, rolf.simons@secutag.com, silke.simons@secutag.com"
VMP Chemiekontor GmbH,Germany,"info@lucridis.ch, info@quaan.de, info@vmp-asia.com, vmp@vmp-chemiekontor.de"
VIVATIS PHARMA GmbH,Germany,info@vivatis.de
NORCON Trade,Germany,info@norcon-trade.de
Mopac Wasen AG,Switzerland,info@mopac.ch
Lady Esther Kosmetik GmbH,Germany,mail@ladyesther.com
Maier + Partner Kunststofftechnik GmbH,Germany,info@mpkt.de
SanderStrothmann GmbH,Germany,"info@sanderstrothmann.com, info@sanderstrothmann.de, d.broxtermann@sanderstrothmann.de.erfahrung, d.broxtermann@sanderstrothmann.de"
Werner Schneider GmbH,Germany,buero@kosmetik-toelz.de
Carl Dicke GmbH & Co KG,Germany,info@carldicke.de
Viridi Orbis GmbH,Switzerland,office@v-og.ch
Chem2Market GmbH,Germany,info@plants2market.com
Abtswinder Naturheilmittel GmbH & Co. KG,Germany,info@abtswinder.de
Ölmühle Solling GmbH,Germany,info@oelmuehle-solling.de
MAG Cosmetics GmbH,Germany,info@mag-cosmetics.de
Buckton Scott Deutschland GmbH,Germany,info@bucktonscott.de
Mera Pharma GmbH,Switzerland,info@merapharmagmbh.com
Vepack GmbH,Germany,"strafer@vepack.de, j.strafer@vepack.de"
Susanne Wich GmbH,Germany,info@wichgmbh.de
Pirlo Gruppe,Austria,"office.poland@pirlo.com, h.stoeckl@pirlo.com, d.jordan@pirlo.com, mwylup@pirlo.com, t.mayr@pirlo.com, m.haeusler@pirlo.com, s.schwarz@pirlo.com, m.kuen@pirlo.com, k.schreder@pirlo.com, s.boyanov@pirlo.com, a.sievers@pirlo.com, v.fiderer@pirlo.com, r.neu@pirlo.com, s.harkam@pirlo.com, m.grubac@pirlo.com, o.vankuik@pirlo.com, v.weidner@pirlo.com, m.horst@horst-verpackung.de, t.warchol@pirlo.com, c.chorques@pirlo.com, a.cestaro@pirlo.com, k.plank@pirlo.com, a.nagy@pirlo.com, l.spisiakova@pirlo.com, c.gasteiger@pirlo.com, w.kainberger@pirlo.com"
KORA GmbH,Austria,office@kora.at
Fertigteilwerk Allgäu GmbH,Germany,info@ftw-allgaeu.de
Wagener & Co. GmbH,Germany,info@wagener-co.de
Verpackungskontor Frankfurt Peter Henss,Germany,verpackungskontor-frankfurt@gmx.de
Steinfels Swiss Division der Coop Genossenschaft,Switzerland,info@steinfels-swiss.ch
artefactum gmbh,Germany,info@artefactum.biz
AB Im- und Export A. Beringer & Co. GmbH,Germany,contact@ab-im-export.de
team-pharma Volkmar Lippold GmbH,Germany,info@team-pharma.de
Bonito GmbH,Germany,info@bonito-gmbh.de
Proderma AG,Switzerland,info@proderma.ch
Yuneiko GmbH,Germany,info@yuneiko.de
bb med. product GmbH,Germany,info@bb-kalkar.de
erni druck + media AG,Switzerland,info@ernidruck.ch
Wachsfabrik Segeberg GmbH,Germany,info@wachsfabrik.de
Brac - Werke AG,Switzerland,brac@brac.ch
KRONOS Resources GmbH,Germany,info@kronos-resources.de
Gebrüder Ewald GmbH,Germany,info@ewaldsolutions.de
TREFFPACK – C.E. Gätcke’s Glas Gesellschaft mbH,Germany,"sales@treffpack.de, info@treffpack.de"
Parfum Trend,Germany,info@parfumtrend.com
Klaus Busche Chemie GmbH,Germany,info@busche-chemie.de
MBK Verpackungen GmbH,Germany,info@mbk-verpackungen.de
Kräuterhaus Sanct Bernhard KG,Germany,info@kraeuterhaus.de
