Name,Country,Address,Website,Email,Profile_URL
TER CHEMICALS DISTRIBUTION GROUP,Germany,"Börsenbrücke 2, Hamburg 20457",https://www.terchemicals.com/en/,,https://www.europages.co.uk/TER-CHEMICALS-DISTRIBUTION-GROUP/00000005312816-001.html
Catipack Sp. z o.o.,Poland,"Łęczna 61, Nowy Dwór Mazowiecki 05-100",https://www.catipack.pl/,kontakt@catipack.pl,https://www.europages.co.uk/en/company/catipack-sp-z-oo-22305633
C.E. Roeper GmbH,Germany,"Hans-Duncker-Strasse 13, Hamburg 21035",http://www.roeper.de/,office@roeper.de,https://www.europages.co.uk/en/company/ce-roeper-gmbh-22319642
Lantos Muanyagfeldolgozo Kft.,Hungary,"Kiss E. utca 140., Soltvadkert 6230",https://lantoscapsule.com/,"info@lantoscapsule.hu, 140.info@lantoscapsule.huphone",https://www.europages.co.uk/en/company/lantos-muanyagfeldolgozo-kft-22281757
LUVIT & LUMOE',Italy,"Via Matteo Fabbian, Borso Del Grappa 31030",https://www.luvit-lumoe.com/,"info@luvit-lumoe.com, luvit-lumoe@pec.it",https://www.europages.co.uk/en/company/luvit-lumoe-20673692
KRISCHER GMBH,Germany,"Kleestr. 9-13, Heimbach 52396",https://www.krischer-gmbh.de/,service@krischer-gmbh.de,https://www.europages.co.uk/en/company/krischer-gmbh-21350743
FARES IMPORT EXPORT SRL,Germany,"Scheffelstr. 13, Ochsenhausen 88416",https://faresimportexportsrl.com/,info@faresimportexportsrl.com,https://www.europages.co.uk/en/company/fares-import-export-srl-22297543
CATTINI BOX MANUFACTURER,Poland,"ul.Myślenicka 131, Cracow 30-698",https://cattini.com.pl/en/#about,biuro@cattini.com.pl,https://www.europages.co.uk/CATTINI-BOX-MANUFACTURER/00000005533256-001.html
BODEGAS ATREVINO,Spain,"Camino Nuevo, 50, La Matanza de Acentejo 38370",https://bodegasatrevino.com/,info@bodegasatrevino.com,https://www.europages.co.uk/en/company/bodegas-atrevino-22307900
ITALIA CASH & CARRY S.R.L.,Italy,"PIAZZA BERNINI SNC, AVERSA (CE) 81031",https://www.italiacashandcarry.it/,,https://www.europages.co.uk/en/company/italia-cash-carry-srl-22319568
VALEX TEAM,Bulgaria,"Vasil Levski 52, Plovdiv 4003",https://www.valexteam.com/ep,contact@valexteam.com,https://www.europages.co.uk/VALEX-TEAM/00000005400206-729490001.html
FRANCE FIL INTERNATIONAL,France,"18 rue des Mariniers, Saint Clement Des Levees 49350",https://www.francefil.com/,,https://www.europages.co.uk/FRANCE-FIL-INTERNATIONAL/FRA802674-000018307001.html
ADP HABITAT,France,"8 rue Danton, Lyon 69003",https://adp-habitat.fr/,,https://www.europages.co.uk/ADP-HABITAT/00000005453922-798426001.html
AFINOX SRL,Italy,"VIA VENEZIA 4, Campo San Martino 35010",http://www.afinox.com/,,https://www.europages.co.uk/AFINOX-SRL/SEAC000227285-002.html
CHANUSSOT & FILS,France,"Rue Nicéphore Niepce, Nuits-Saint-Georges 21700",https://caisserie-chanussot.com/,,https://www.europages.co.uk/CHANUSSOT-ET-FILS/FRA143071-000019950001.html
AZIENDA AGRICOLA CASERE,Italy,"VIA CASERE 6, San Stino Di Livenza 30029",https://www.aziendacasere.com/,info@aziendacasere.com,https://www.europages.co.uk/AZIENDA-AGRICOLA-CASERE/SEAC002362598-001.html
SORRENTO GIARDINI SNC,Italy,"via Bagnulo, piano di sorrento (na) 80063",https://sorrentogiardini.com/,info@sorrentogiardini.com,https://www.europages.co.uk/en/company/sorrento-giardini-snc-22282122
JAMONES Y EMBUTIDOS HERMANOS MARTIN SANCHEZ S.L.,Spain,"C/ Sierra de Béjar, parcela 36, Guijuelo 37770",https://www.hermanosmartinsanchez.es/,info@hermanosmartinsanchez.es,https://www.europages.co.uk/en/company/jamones-y-embutidos-hermanos-martin-sanchez-sl-22297114
Aloe Canarias,Spain,"Carretera General LZ1 Jameos del Agua 2 , Punta Mujeres Haría 35542",https://aloepluslanzarote.com/,info@aloepluslanzarote.com,https://www.europages.co.uk/en/company/aloe-canarias-22302719
BENE INOX - RACCORDS & ROBINETTERIE,France,"11 Chemin de la Pierre Blanche, Saint Priest 69800",https://www.bene-inox.com/fr/,,https://www.europages.co.uk/BENE-INOX-RACCORDS-ROBINETTERIE/FRA058689-001.html
FLEXOBAG LDA,Portugal,"Rua da Igreja nº105, Recardães, Águeda 3750-721",https://flexobag.com/0/en/,comercial@flexobag.comlivro,https://www.europages.co.uk/FLEXOBAG-LDA/00000005424107-761123001.html
BARRANCO'S FOOD,Spain,"abril 51, Madrid 28022",https://www.barrancosfood.com/,info@barrancosfood.com,https://www.europages.co.uk/BARRANCOS-FOOD/00000005529823-001.html
EBL POLYESTER,France,"17 rue René Elissabide, Zone activité rené elissabide 2, Mauléon-Licharre 64130",https://ebl-technologies.com/plasturgie/,,https://www.europages.co.uk/EBL-POLYESTER/FRA332423-00101.html
PRINTMASTA,Poland,"Jarosława Dąbrowskiego 19 / 18, Warsaw 02-561",http://cdprintmasta.com/,info@cdprintmasta.com,https://www.europages.co.uk/en/company/printmasta-20041825
Caviaroli S.L.,Spain,"Plaza Santa Eulalia, 5, , Esparreguera, Barcelona 08292",https://www.caviaroli.com/,info@caviaroli.com,https://www.europages.co.uk/en/company/caviaroli-sl-22310760
TRANSPORTES SANTIAGO JIMENEZ E HIJOS,Spain,"Ctra. N-310, km 138,5, Villarrobledo-Albacete 02600",http://www.trans-sjimenez.com/,,https://www.europages.co.uk/TRANSPORTES-SANTIAGO-JIMENEZ-E-HIJOS/ESP195315-000021255001.html
OZOF EUROPE,Germany,"Königsborner Straße 26a, Biederitz 35175",https://ozof.eu/,info@ozof.eu,https://www.europages.co.uk/OZOF-EUROPE/00000005536830-001.html
POTARTE,Türkiye,"Hacıveli Mahallesi 40/2 Sokak No:8 , Foça – İzmir 35683",https://potarte.com/#,info@potarte.com,https://www.europages.co.uk/en/company/potarte-22301748
ARMAGNAC CASTAREDE,France,"Château de Maniban, Mauléon-D'armagnac 32240",https://www.armagnac-castarede.fr/,"info@armagnac-castarede.fr, info@armagnac-castarede.frl",https://www.europages.co.uk/ARMAGNAC-CASTAREDE/FRA342097-00101.html
PIOGGIA STORE,Italy,"via gaetano grassi,26, Martina Franca 74015",https://www.pioggiastore.it/,info@pioggiastore.it,https://www.europages.co.uk/en/company/pioggia-store-22284269
MAISON RIVIERE,France,"Lieu Dit Gontey, Rd670, Saint Emilion 33330",https://www.maisonriviere.fr/accueil,,https://www.europages.co.uk/MAISON-RIVIERE/FRA053452-00101.html
MARROZİ ENDÜSTRİYEL MALZEMELER SANAYİ VE DIŞ TİCARET LİMİTED ŞİRKETİ,Türkiye,"CEVİZLİ MAH. TUGAY YOLU CAD. NO: 69 C İÇ KAPI NO: 222, MALTEPE /ISTANBUL 34",https://marrozi.com.tr/,,https://www.europages.co.uk/en/company/marroz-enduestryel-malzemeler-sanay-ve-di-tcaret-lmted-rket-22290470
OKSUZOGULLARI HoReCa and Home Supplies Inc.,Türkiye,"Mahmutbey Mah 2416 Sokak Oksuzogullari Plaza E-1 Blok No:E6, Istanbul 34218",https://www.okshoreca.com/,info@oksuzogullari.com,https://www.europages.co.uk/OKSUZOGULLARI-HORECA-VE-EV-GERECLERI-AS/00000005536037-001.html
PRO SEND,France,"25 ZAC Gare d'Heyrieux, Saint Pierre De Chandieu 69780",https://www.pro-send.com/,coordonneescontact@pro-send.com,https://www.europages.co.uk/PRO-SEND/00000004635268-443314001.html
Idly Guild Europe,France,"21 Rue Aime Logier, Bat B Appt 1, Villiers-le-belle 95400",https://idly-guild-europe.com/,sasuidlyguildeurope@gmail.com,https://www.europages.co.uk/en/company/idly-guild-europe-22292510
RAVARO COSTRUZIONI MECCANICHE,Italy,"STRADA PER VESPOLATE 6, Granozzo Con Monticello 28060",http://www.officineravaro.com/,,https://www.europages.co.uk/RAVARO-COSTRUZIONI-MECCANICHE/SEAC007125310-001.html
ITALIANA CONTENITORI SRL,Italy,"VIA GRANGIA MARIN 80, Giaveno 10094",http://www.italianacontenitori.com/,"commerciale@italianacontenitori.com, commerciale@italianacontenitori.comscopri, amministrazione@italianacontenitori.com, emailcommerciale@italianacontenitori.comorario, amministrazione@italianacontenitori.comcommerciale",https://www.europages.co.uk/ITALIANA-CONTENITORI-SRL/SEAC000924554-002.html
UNIVERS DRINK,Belgium,"Avenue Blonden, 13, Liège 4000",https://universdrink.com/,"administration@nightorient.com, administration@universdrink.com",https://www.europages.co.uk/UNIVERS-DRINK/00000003937747-001.html
CHIMICA ALESSANDRA SRL,Italy,"Via Dei Curti 1196, Urgnano 24059",https://essenze-bucato.eu/,"info@essenze-lavanderie.it, info@chimica-alessandra.it",https://www.europages.co.uk/CHIMICA-ALESSANDRA-SRL/00000005488582-001.html
KRESPA,Poland,"11 Listopada 53, Gorlice 38-300",https://krespa.pl/en/,biuro@krespa.pl,https://www.europages.co.uk/KRESPA/00000005437539-776670001.html
LLENASNATURCORK,Spain,"C/ Acàcies, 14 nau 2 - Pol. Ind. V-2, Vulpellac-Girona 17111",http://www.llenasnaturcork.com/,info@llenasnaturcork.com,https://www.europages.co.uk/LLENASNATURCORK/00000003690523-000020633001.html
FOCUS FLANDERS,Belgium,"Nederkouter 35, Gent 9000",http://www.focusflanders.com/,info@focusflanders.com,https://www.europages.co.uk/FOCUS-FLANDERS/00000004713782-511940001.html
FEELOH PC,Greece,"Damofontos 6 , Kalamata 24131",https://www.feel-oh.com/,info@feel-oh.com,https://www.europages.co.uk/en/company/feeloh-pc-22290581
BODEGAS NAJERILLA,Spain,"Ctra. de Anquiano, s/n (Carretera Comarcal, 113), Arenzana De Abajo-La Rioja 26311",http://www.bodegasnajerilla.es/,web@bodegasnajerilla.es,https://www.europages.co.uk/BODEGAS-NAJERILLA/00000003739981-000017186001.html
Alfred Bolz Apparatebau GmbH,Germany,"Isnyer Strasse 76, Wangen 88239",https://bolz-edel.de/,info@bolz-edel.de,https://www.europages.co.uk/A-BOLZ-APPARATEBAU-GMBH/00000005316741-001.html
BORFLEX SERVICES,France,"Z.I. du Madrillet, Rue de la Boulaie, St-Étienne-Rouvray 76800",https://www.borflex-group.com/,"contact@borflex-group.com, commercial@borflex-group.com",https://www.europages.co.uk/BORFLEX-SERVICES/00000004654018-001.html
IRON ART MOSAIC,Romania,"Pacii Str. No3c, Negresti 735200",http://ironartmozaic.ro/en/home-en/,"pstancescu@gmail.com, alexandra.stancescu@gmail.com",https://www.europages.co.uk/IRON-ART-MOSAIC/00000005451652-794465001.html
Key Company Sp. z o.o.,Poland,"Usługowa 4, , Zaścianki 15521",https://key-signage.com/,marketing@key-co.com.pl,https://www.europages.co.uk/en/company/key-company-sp-z-oo-22280922
ÖLMÜHLE SOLLING GMBH,Germany,"Höxtersche Strasse 3, Boffzen 37691",http://www.oelmuehle-solling.de/,info@oelmuehle-solling.de,https://www.europages.co.uk/OLMUHLE-SOLLING-GMBH/DEU383261-00101.html
C. O. R. CARTONAGEM UNIP. LDA,Portugal,"Rua Eng. Duarte do Amaral, 1273 - 1C - Penselo, Guimarães 4800-109",https://corcartonagem.pt/,cor-cartonagem@sapo.pt,https://www.europages.co.uk/C-O-R-CARTONAGEM-UNIP-LDA/00000005420131-755905001.html
Kotendzhy s.r.o.,Czechia,"V Pitkovičkách 351, Prague 104 00",https://k-drinks.com/,,https://www.europages.co.uk/en/company/kotendzhy-sro-22313573
Direct Meat Service Sverige AB,Sweden,"c/o TM-LINGHUS ÄRENPRISVÄGEN 60 585 64 Linghem, Linghem 585 64",https://directmeatservice.com/,sales@directmeatservice.com,https://www.europages.co.uk/en/company/direct-meat-service-sverige-ab-22284769
SOMEXPORT,France,"111 Rue Jean Mermoz, Marseille 13008",https://www.somexport.com/,"commercial@somexport.commentions, commercial@somexport.com",https://www.europages.co.uk/SOMEXPORT/FRA318270-537790001.html
POMPES JAPY,France,"1120 Avenue Oehmichen, Etupes 25460",https://www.pompes-japy.fr/,info@pompes-japy.com,https://www.europages.co.uk/POMPES-JAPY/ODA00784581-003.html
COOLOCCA SARL,France,"302 Rue de la Gare, Venelles 13770",https://www.coolocca.com/,info@coolocca.com,https://www.europages.co.uk/COOLOCCA-SARL/00000005555626-001.html
CADES PENEDES,Spain,"Camí de Can Batlle, s/n, Avinyonet Del Penedes-Barcelona 08793",http://www.cadespenedes.com/,sales@alvinesa.com,https://www.europages.co.uk/CADES-PENEDES/00000003942579-001.html
M. ROTH GMBH & CO. KG,Germany,"Gewerbestr. 3, Wiesenbronn 97355",https://www.roth-behaelter.de/index.php?tab=start&amp;sub=&amp;subsub=&amp;id=,info@roth-behaelter.de,https://www.europages.co.uk/M-ROTH-GMBH-CO-KG/DEU410714-00101.html
LG TEC,France,"6 rue de Savoie, Saint-Quentin-Fallavier 38070",https://lgtec.fr/,contact@lgtec.fr,https://www.europages.co.uk/LG-TEC/00000004667492-468479001.html
WEB2PRINT BUCURESTI SRL,Romania,"str. Emil Racovita 10, bl R19, Sc A, etaj 3, ap 15, Sector 4, Bucuresti 041757",https://web2print.ro/,"vanzari@web2print.ro, vanzari@web2print.rolocation",https://www.europages.co.uk/DIGITAL-TRIDENT-ADV/00000005403147-734852001.html
Gallardo Ingenieria,Spain,"C/ Lekumberri 18-20, Irun (Gipuzkoa) 20305",https://gallardoingenieria.com/es,info@gallardoingenieria.com,https://www.europages.co.uk/en/company/gallardo-ingenieria-22316709
Domaine de Poutëou,France,"386 route de Tachouzin, LANNEMAIGNAN 32240",https://pouteou.com/,,https://www.europages.co.uk/en/company/domaine-de-pouteou-22298985
IMPORTCOMPANY,Spain,"C/ Sedassers, 3 - PI Les Galgues Apartado de Correos, 149, Pedreguer (Alicante) 03750",https://importcompany.es/en/,info@importcompany.es,https://www.europages.co.uk/en/company/importcompany-22282757
GALEX D.O.O.,Slovenia,"Tišinska ulica 29G, Murska Sobota 9000",https://galex-lab.si/en,info@galex.si,https://www.europages.co.uk/GALEX-DOO/SVN006383-00101.html
JORLOP,Portugal,"Rua de Vilar, 844 - Candoso Santiago, Guimarães 4835-256",https://jorlop.pt/en/homepage/,emailjorlop@jorlop.ptrequest,https://www.europages.co.uk/JORLOP/00000005555867-001.html
FORM CREATIONS,Poland,"Przemyslowa 69/5, Mielec 39-300",http://formcreations.pl/,info@formcreations.pl,https://www.europages.co.uk/FORM-CREATIONS/00000004602677-416361001.html
CORCHOS DEL CONDADO SL,Spain,"Camino Viejo de la Ermita, Nº 20, Bollullos Par Del Condado-Huelva 21710",https://www.corchosdelcondado.com/,comercial@corchosdelcondado.com,https://www.europages.co.uk/CORCHOS-DEL-CONDADO-SL/K30120182-000017475001.html
Adriagel GmbH,Germany,"Glashüttenweg 4, Limburg an der Lahn 65549",https://www.adriagel24.de/,anfrage@adriagel24.de,https://www.europages.co.uk/en/company/adriagel-gmbh-22310088
Nuova Sara Srl,Italy,"Str. Naviglio Alto, 24/A, Parma 43122",https://www.nuovasara.eu/,"info@nuovasara.it, vendite@nuovasara.it",https://www.europages.co.uk/en/company/nuova-sara-srl-22297329
Tapones Morato Saez,Spain,"Poligono industrial Pelacogotes nave 2 , Badajoz 06500",https://corkspain.com/,,https://www.europages.co.uk/en/company/tapones-morato-saez-22299188
BEST Cosmetics BV,Belgium,"PILORIJNSTRAAT 4, GENT 9000",https://www.bestcosmeticsbv.com/,info@bestcosmeticsbv.com,https://www.europages.co.uk/en/company/best-cosmetics-bv-22306889
SICMI SRL,Italy,"Via IV Novembre, 35, Sissa Trecasali 43018",https://www.sicmi.com/,info@sicmi.it,https://www.europages.co.uk/SICMI-SRL/00000005522851-001.html
MULTISINT SRL RESINE ESPANSE,Italy,"Via Boscofangone Zona Ind.le ASI, Nola 80035",http://www.multisint.it/,info@multisint.it,https://www.europages.co.uk/MULTISINT-SRL-RESINE-ESPANSE/00000004731033-529786001.html
MEDEPSILON LTD.,Türkiye,"Organize Sanayi Bolgesi Yucesoy Sokak No.5 Yukari Dudullu Umraniye, Istanbul 34775",https://www.medepsilon.com/,info@medepsilon.com,https://www.europages.co.uk/MEDEPSILON-LTD/00000005523984-001.html
TECI & COM,France,"17 RUE SERGENT GARNIER, Sainte-Sigolène 43600",http://www.tecietcom.fr/,commercial@tecietcom.fr,https://www.europages.co.uk/TECI-COM/00000005327374-624251001.html
ETICA CRITICA,Spain,"CALLE BARRANCO ESPARZA, 1, PLIND , Chella VALENCIA 46821",https://www.lacasadeltabaco.es/,,https://www.europages.co.uk/en/company/etica-critica-22304935
MIXT SP ZOO,Poland,"Dworcowa 3, Poniec 64-125",https://mixtsp.com/,info@mixtsp.com,https://www.europages.co.uk/MIXT-SP-ZOO/00000005553710-001.html
AG FEEDING,Poland,"Paczewo 13, Paczewo 83-340",http://www.agfeeding.eu/en/,biuro@agfeeding.pl,https://www.europages.co.uk/AG-FEEDING/00000005360256-001.html
HUCATRANS - HUMANEZ Y CALACO S.L.,Spain,"Poligono Ind. Majarvique, 25, Sevilla 41300",http://www.transporteshucatrans.com/,"administracion@transporteshucatrans.com, logistica@transporteshucatrans.com, facturacion@transporteshucatrans.com",https://www.europages.co.uk/HUCATRANS-HUMANEZ-Y-CALACO-SL/ESP188686-000017392001.html
LIVAN PLEKSI,Türkiye,"Yeni mahalle 59. sokak No:1/A, Bursa 16450",https://www.livanpleksi.com/index.html,"info@livanpleksi.com, addressinfo@livanpleksi.com",https://www.europages.co.uk/LIVAN-PLEKSI/00000005478719-001.html
DAG STYLE SRL,Italy,"Via Manzoni, 18, Flero 25020",https://www.dagstyle.it/it/,,https://www.europages.co.uk/en/company/dag-style-srl-22305503
VERNICI INDUSTRIALI RESINE E SOLVENTI – VIRES Srl,Italy,"Via Nicolò Tommaseo 61, Collegno 10093",https://www.vires.it/,,https://www.europages.co.uk/VIRES-SRL/SEAC001855759-001.html
BOUTIQUE LA VANNERIE D'AUJOURD'HUI,France,"43 Grande rue, Fayl-Billot 52500",http://www.lavanneriedaujourdhui.fr/fr/,serviceclient.lva@gmail.com,https://www.europages.co.uk/BOUTIQUE-LA-VANNERIE-DAUJOURDHUI/00000004512558-001.html
SALZMANN RESTWAREN GMBH,Germany,"Bahnhofstr. 32, Tanna 07922",https://salzmann-restwaren.de/,kundendienst@salzmann-restwaren.de,https://www.europages.co.uk/SALZMANN-RESTWAREN-GMBH/00000005506703-001.html
Dr. Behr GmbH,Germany,"Königswinterer Strasse 37a, Bonn 53227",http://www.drbehr.com/,sales@drbehr.com,https://www.europages.co.uk/DR-BEHR-GMBH/00000005483605-001.html
RYBA WOODEN PRODUCTS MANUFACTURER,Poland,"Olpiny 66, Olpiny 38-247",http://www.rybaolpiny.com.pl/index.php?lang=en&Itemid=242,info@rybaolpiny.com.pl,https://www.europages.co.uk/RYBA-WOODEN-PRODUCTS-MANUFACTURER/00000003857769-000018968001.html
MADDEL,Spain,"Calle Marça, 14 - Pol. Ind. Agro Reus, Reus 43206",http://www.maddel.biz/,info@maddel.biz,https://www.europages.co.uk/MADDEL/00000004626128-001.html
REGIU PLANT SRL,Romania,"Str.Vasile Goldis, Nr.7, SFANTU GHEORGHE 520059",https://regiuplant.ro/en/,regiuplant@gmail.com,https://www.europages.co.uk/en/company/regiu-plant-srl-22295534
MEIND S.R.L.,Italy,"Via Galileo Galilei, 9, Sissa Trecasali 43018",http://www.meind.eu/,info@meind.eu,https://www.europages.co.uk/MEIND-SRL/SEAC002426293-001.html
I BUONATAVOLA,Italy,"Strada Statale Cassia Km. 41, Nepi (VT) 01036",http://www.ibuonatavolasini.com/en/home-en,,https://www.europages.co.uk/I-BUONATAVOLA-SINI-SRL/00000005403744-735813001.html
ID LABO,France,"1 rue de la Grosse Borne, Pierres 28130",http://www.id-labo.fr/,,https://www.europages.co.uk/ID-LABO/FRA340561-001.html
Thaas Chips,France,"4 Grande Rue, THAAS 51230",https://www.thaaschips.com/fr,contact@thaaschips.com,https://www.europages.co.uk/en/company/thaas-chips-22286231
CFC ALCOOLS,France,"24, rue d'Isly, Cognac 16100",http://www.cfcalcools.com/home.html?setLng=fr,"cfcalcools@wanadoo.fr, cfcalcools@wanadoo.fr.un, cfcalcools@wanadoo.fr.vous",https://www.europages.co.uk/CFC-ALCOOLS/ODA07814961-000018496001.html
Evinoks Service Equipment Industry. Tic. A. Sh.,Türkiye,"Demirtas OSB Mimoza Sok. No. 5, Bursa 16245",https://www.evinoks.com/,,https://www.europages.co.uk/en/company/evinoks-service-equipment-industry-tic-a-sh-22319217
CAMMINARE BOOTS,Poland,"Szarlejka, ul. Lukaszewicza 40 , Wreczyca Wielka 42-130",https://camminareboots.com/,"camminare@camminare.pl, camminare@camminareboots.com",https://www.europages.co.uk/en/company/camminare-boots-22275153
MILANO FUNGHI SRL,Italy,"VIA GUGLIELMO MARCONI 29, Rozzano 20089",https://www.ingrossocarninewtrading.it/,"spanish19@hotmail.it, ordini.newtrading@outlook.com",https://www.europages.co.uk/MILANO-FUNGHI-SRL/00000005540974-001.html
Gobeletcup®,France,"14 Avenue du Général de Gaulle,, Saint-Mandé 94160",https://gobeletcup.fr/,contact@gobeletcup.fr,https://www.europages.co.uk/en/company/gobeletcup-22288396
Z. D. JAWOR,Poland,"ul. 3-go Maja 51, 37-410, Ulanów 37-410",https://jawor-ulanow.pl/en/why-us/,biuro@jawor-ulanow.pl,https://www.europages.co.uk/Z-D-JAWOR/00000005511961-001.html
D`ALMA MATER - PRODUTOS REGIONAIS,Portugal,"Rua C 52 Fraçao A, Tortosendo 6200-823",https://dalmamater.com/,geral@dalmamater.pt,https://www.europages.co.uk/en/company/dalma-mater-produtos-regionais-22280721
Drautaler Quellenbetriebe GmbH,Austria,"Lindenweg 23, Steinfeld im Drautal 9754",https://www.drautaler.eu/,,https://www.europages.co.uk/en/company/drautaler-quellenbetriebe-gmbh-22311693
ABBADIA ARDENGA IL POGGIO,Italy,"Via Romana 139, Montalcino 53024",http://www.abbadiardengapoggio.com/,info@abbadiardengapoggio.it,https://www.europages.co.uk/ABBADIA-ARDENGA-IL-POGGIO/SEAC000007491-001.html
DEKORTECH GMBH,Germany,"Elsemuehlenweg 83, Bünde 32257",https://www.digitran.de/en/,info@digitran.de,https://www.europages.co.uk/DEKORTECH-GMBH/00000005529566-001.html
Sélection Patrick Clerget,France,"2 rue du Grenier à Sel, Beaune Cedex 21209",https://www.patrick-clerget.com/,info@patrick-clerget.com,https://www.europages.co.uk/SELECTION-CLERGET-PATRICK/FRA372319-00101.html
ARUBIS,Belgium,"HAACHTSESTEENWEG 162,, Melsbroek 1820",https://www.arubis.be/,info@arubis.be,https://www.europages.co.uk/ARUBIS/00000003708425-000021215001.html
GNALI BOCIA SRL,Italy,"Via Brescia 41, Lumezzane 25065",https://www.gnalibocia.it/it.html,,https://www.europages.co.uk/GNALI-BOCIA-SRL/SEAC000139048-001.html
PORTPRESS,Poland,"Karola Olszewskiego 22, Jaworzno 43-600",https://portpress.pl/,"biuro@portpress.plgodziny, biuro@portpress.pl",https://www.europages.co.uk/PORTPRESS/00000005435262-001.html
MAISON LE STAR VIGNOBLES CHATEAUX,France,"Route De Bergerac, Pineuilh 33220",https://www.maisonlestar.fr/,"msaintmarc@maisonlestar.fr, afaure@maisonlestar.fr",https://www.europages.co.uk/MAISON-LE-STAR-VIGNOBLES-CHATEAUX/00000005556375-001.html
ZWZD,Poland,"Olszyny 77, Olszyny 33-164",https://zwzd.pl/,zwzd@onet.pl,https://www.europages.co.uk/en/company/zwzd-22278135
PFEFFERKORN & CO GMBH,Germany,"Im Boorstück 11, Simmern 55469",https://schneider-icas-gruppe.com/pfefferkorn/,,https://www.europages.co.uk/PFEFFERKORN-CO-GMBH/DEU461134-00101.html
SEITERRE VITICOLTORI DAL 1877 SSA,Italy,"Via Gardesana Sud 3101,, Valeggio sul Mincio 37067",https://seiterre.com/,info@seiterre.com,https://www.europages.co.uk/en/company/seiterre-viticoltori-dal-1877-ssa-22324942
CDA,France,"6 rue de l'Artisanat, Zi de plaisance, Narbonne 11100",https://cdafrance.com/,contact@cdafrance.com,https://www.europages.co.uk/CDA/00000004666309-467374001.html
SOCIETE CIVILE D'EXPLOITATION VITICOLE EMILE BLANC,France,"214 RUE DES CHARMES, , LUGNY 71260",https://quintefeuille-lugny.fr/,"mailslespinasse@quintefeuille-lugny.fr, slespinasse@quintefeuille-lugny.fr",https://www.europages.co.uk/en/company/societe-civile-dexploitation-viticole-emile-blanc-22286947
DYSERCO,Spain,"CARRETERA NACIONAL 103, Badalona (Barcelona) 08911",https://www.dyserco.es/,comercial@dyserco.es,https://www.europages.co.uk/DYSERCO-SL/00000005401022-731099001.html
ALYA PACKAGING,Türkiye,"Vizyon Park 5.plaza no:508 29ekim cd., Istanbul 34197",https://alyapackaging.com/,sales@alyapackaging.com,https://www.europages.co.uk/ALYA-PACKAGING/00000005424124-761159001.html
DI ROSA GROUP,Italy,"Corso Campano 54680014 Giugliano - Italia, Giuliano 80014",https://dirosa.com/,,https://www.europages.co.uk/DI-ROSA-GROUP/00000005558170-001.html
HE CONSEILS,France,"60 rue francois 1 er, PARIS 75008",https://courtieracp.com/heconseils,contact@heconseils.fr,https://www.europages.co.uk/en/company/he-conseils-22315368
MA TAPAS TRADING,Netherlands,"Damianenweg 4, Sint-Oedenrode 5491TJ",https://tapastrading.com/,,https://www.europages.co.uk/en/company/ma-tapas-trading-22323622
GENERAL VAPEUR S.R.L.,Italy,"Via per Castelletto 19/21, Albairate 20080",http://www.menikini.com/it/,,https://www.europages.co.uk/GENERAL-VAPEUR-SRL/SEAC004815500-001.html
HATZEL HOLZWAREN GMBH,Germany,"Hauptstrasse 46, Meeder 96484",https://www.hatzel.de/,info@hatzel.de,https://www.europages.co.uk/HATZEL-HOLZWAREN-GMBH/00000005315186-001.html
TENUTA IL CANOVINO,Italy,"Contrada la Costa, 2, Mizzole 37141",http://ilcanovino.it/,"export@ilcanovino.it, export@ilcanovino.itcontrada, commerciale@ilcanovino.itestero, commerciale@ilcanovino.it, tenutailcanovino@ilcanovino.it",https://www.europages.co.uk/TENUTA-IL-CANOVINO/00000004694253-492344001.html
APICURE PARIS IMPORT-EXPORT,France,"91 Rue Du Faubourg St-Honoré, Paris 75008",https://www.apicure.fr/epages/apicure.sf/sec34913cb10b/?ChangeAction=RealizaBusquedaAvanzada&ViewAction=FacetedSearchProducts&Categoria=22226,apicureparis@apicure.fr,https://www.europages.co.uk/APICURE-PARIS-IMPORTEXPORT/00000005479488-001.html
Le Chant des Caves,France,"229 Rue Saint-Honoré, Paris 75001",https://lechantdescaves.com/pages/pro,,https://www.europages.co.uk/en/company/le-chant-des-caves-22290211
AGRIPRODUCT ŻANETA GÓRNIK,Poland,"Łykoszyn, Telatyn 22-652",https://agriproduct.pl/en/,mateusz1gornik@gmail.com,https://www.europages.co.uk/AGRIPRODUCT-ZANETA-GORNIK/00000005454677-800009001.html
POCQUET APICULTURE,France,"5 rue de Brachois, Avançon 08300",https://www.pocquet-apiculture.fr/,contact@pocquet-apiculture.fr,https://www.europages.co.uk/POCQUET-APICULTURE/00000005552527-001.html
ITOCHU ITALIANA,Italy,"Via Ulrico Hoepli 5, Milano 20121",https://www.itochuitaliana.com/,,https://www.europages.co.uk/ITOCHU-ITALIANA/SEAC000181674-001.html
GONDELLA,Belgium,"Oude Eedstraat 3a, Nazareth 9810",http://www.gondella.com/,info@gondella.com,https://www.europages.co.uk/GONDELLA/BEL082515-000019751001.html
A2 NEW LIFE 2018 SL,Spain,"Calle Castello de la Plana, 3, Girona 17005",https://victoriabarcelona.es/,,https://www.europages.co.uk/en/company/a2-new-life-2018-sl-22281280
Domaine De Castelnau,France,"32 Avenue De Pézenas , Castelnau De Guers 34120",https://www.domainecastelnau.com/,castelnau1@orange.frinformationsmentions,https://www.europages.co.uk/en/company/domaine-de-castelnau-22317903
BEFRE REUSABLE BAGS ONLY,Belgium,"Rue Joseph Stevens 7, Bruxelles 1000",http://www.befre.be/en/,info@befre.eu,https://www.europages.co.uk/BEFRE-REUSABLE-BAGS-ONLY/00000003905433-000020313001.html
TROPHÉES EN VERRE,France,"14 rue Gambetta, Mesnil-Le-Roi 78600",http://www.tropheesenverre.com/,info@tropheesenverre.com,https://www.europages.co.uk/TROPHEES-EN-VERRE/00000004730180-529332001.html
ACHILLE SRL,Italy,"VIA CASALINO 18, Bergamo 24121",https://bello-fresco.com/,info@bello-fresco.com,https://www.europages.co.uk/ACHILLE-SRL/00000005528966-001.html
Aires de Jaén Aceite de Oliva Virgen Extra,Spain,"CARRETERA JV 3002 FINCA BADENES, KM 8, Jabalquinto 23712",https://www.airesdejaen.com/,marketing@airesdejaen.com,https://www.europages.co.uk/en/company/aires-de-jaen-aceite-de-oliva-virgen-extra-22286002
BOUCHONS LECLERCQ ET FILS,Belgium,"31, Avenue de L'Espérance, Fleurus 6220",http://www.bouchonsleclercq.be/,info@bouchonsleclercq.be,https://www.europages.co.uk/BOUCHONS-LECLERCQ-ET-FILS/BEL071597-000018890001.html
RIOJA WINE BARRELS,Spain,"Polígono Cantabria II, C. Los Almendros, 14, Logroño, La Rioja 26009",,,https://www.europages.co.uk/en/company/rioja-wine-barrels-22306923
MEAT REVOLUTION,Bulgaria,"village Drinovo, Mara Taseva, 23, Targovishte 7834",https://meatrevolution.com/,,https://www.europages.co.uk/en/company/meat-revolution-22286437
FINN-KORKKI OY,Finland,"Konepajantie 10,, Hämeenlinna 13300",https://www.finn-korkki.com/en/,info@finn-korkki.com,https://www.europages.co.uk/FINNKORKKI-OY/FIN029116-001.html
Bodegas Ramon De Ayala Lete e Hijos,Spain,"Calle Fuentecilla 12, Briñas – La Rioja 26290",http://www.rayalaehijos.com/,bodegas@rayalaehijos.com,https://www.europages.co.uk/en/company/bodegas-ramon-de-ayala-lete-e-hijos-22308110
CENTRO FORM SRL,Italy,"Ctr. Montagna - Zona Artigianale, Aidone 94010",http://www.centroform.it/,,https://www.europages.co.uk/CENTRO-FORM-SRL/SEAC000116043-001.html
INCA VALLEY / INCA CAO,Belgium,"25, Bus 0002, Verrekijker, Wingene 8750",https://www.incacao.be/,info@incacao.be,https://www.europages.co.uk/INCA-VALLEY-INCA-CAO/00000005437691-777045001.html
SAVINO BARBERA,Italy,"VIA TORINO 12, Brandizzo 10032",http://www.savinobarbera.com/,info@savinobarbera.com,https://www.europages.co.uk/SAVINO-BARBERA/SEAC000127253-002.html
ASIA EUROPE TRADE,Belgium,"25 rue de Rotterdam, Liege 4000",http://www.asiaeuropetrade.biz/,,https://www.europages.co.uk/ASIA-EUROPE-TRADE/00000004010950-001.html
MAZZETTI D'ALTAVILLA S.R.L.,Italy,"2 VIALE UNITA' D'ITALIA, Altavilla Monferrato 15041",http://www.mazzetti.it/,,https://www.europages.co.uk/MAZZETTI-DALTAVILLA-SRL/SEAC000035319-001.html
JUICE AND WORLD S.L.,Spain,"Avda. de Los Tilos 10 - 18, Polígono San Miguel, Villatuerta 31132",https://www.juiceandworld.com/,info@juiceandworld.com,https://www.europages.co.uk/en/company/juice-and-world-sl-22280722
KREUZER INTERNATIONAL GMBH,Austria,"Haidbachstrasse 23, Pasching 4061",https://www.kreuzer-gmbh.com/,"office-de@kreuzer-gmbh.com, office@kreuzer-gmbh.com",https://www.europages.co.uk/KREUZER-INTERNATIONAL-GMBH/00000005188131-001.html
ALLIANCE CAOUTCHOUC,France,"5 Avenue André DULIN, ZI des Soeurs, Rochefort 17300",http://www.alliance-caoutchouc.com/,info@alliance-caoutchouc.com,https://www.europages.co.uk/ALLIANCE-CAOUTCHOUC/FRA604756-00101.html
ADOPACK AMBALAJ SANAYI VE TICARET LTD. STI,Türkiye,"Yüzyil Mah. Matbaacılaar Sitesi 4. Cad No:94, 34204, Bagcilar/ Istanbul/ Turkey, Istanbul 34218",https://www.adopack.com.tr/,info@adopack.com.tr,https://www.europages.co.uk/ADOPCAK-AMBALAJ-SANAYI-VE-TICARET-LTD-STI/00000005487730-001.html
PATODIA ORGANICS LLP,India,"7 Sambhunath Mullick Lane, Kolkata 700007",https://www.bagstudio.in/,,https://www.europages.co.uk/PATODIA-ORGANICS-LLP/00000005453649-001.html
SHELDON INTERNATIONAL,United Kingdom,"Sheldon House, 1 Lunsford Road, Leicester LE5 0HJ",https://www.sheldonplc.co.uk/,sales@sheldonplc.co.uk,https://www.europages.co.uk/SHELDON-INTERNATIONAL/00000003649467-287100001.html
CHRISTIAN DELORME S.A.S.,France,"59 Chemin du Moulin Carron, Bp 80060, Dardilly 69572",https://www.christiandelorme.com/,"contacts@christiandelorme.com, 4.26.46.21.56contacts@christiandelorme.com",https://www.europages.co.uk/CHRISTIAN-DELORME-SAS/00000005447244-786421001.html
COREPE SEFDI,France,"Route de Férolles, Sandillon 45640",https://corepe.com/,corepe.sefdi@corepe.com,https://www.europages.co.uk/COREPE-SEFDI/FRA008365-00101.html
BODEGAS BOCOPA,Spain,"Paraje Les Pedreres Autovia A31 , Alicante 03669",https://www.bocopa.com/,"info@bocopa.com, enoturismo@bocopa.com, tienda.online@bocopa.com",https://www.europages.co.uk/en/company/bodegas-bocopa-22304911
